{
  "formatVersion": 1,
  "database": {
    "version": 2,
    "identityHash": "f5f6d01eff4d182ddc4d610eac202e2a",
    "entities": [
      {
        "tableName": "alumnos",
        "createSql": "CREATE TABLE IF NOT EXISTS `${TABLE_NAME}` (`id` INTEGER PRIMARY KEY AUTOINCREMENT NOT NULL, `numero_de_control` TEXT NOT NULL, `contrasena` TEXT NOT NULL, `nombres` TEXT NOT NULL, `apellido_paterno` TEXT NOT NULL, `apellido_materno` TEXT NOT NULL, `carrera` TEXT NOT NULL)",
        "fields": [
          {
            "fieldPath": "id",
            "columnName": "id",
            "affinity": "INTEGER",
            "notNull": true
          },
          {
            "fieldPath": "numero_de_control",
            "columnName": "numero_de_control",
            "affinity": "TEXT",
            "notNull": true
          },
          {
            "fieldPath": "contrasena",
            "columnName": "contrasena",
            "affinity": "TEXT",
            "notNull": true
          },
          {
            "fieldPath": "nombres",
            "columnName": "nombres",
            "affinity": "TEXT",
            "notNull": true
          },
          {
            "fieldPath": "apellido_paterno",
            "columnName": "apellido_paterno",
            "affinity": "TEXT",
            "notNull": true
          },
          {
            "fieldPath": "apellido_materno",
            "columnName": "apellido_materno",
            "affinity": "TEXT",
            "notNull": true
          },
          {
            "fieldPath": "carrera",
            "columnName": "carrera",
            "affinity": "TEXT",
            "notNull": true
          }
        ],
        "primaryKey": {
          "columnNames": [
            "id"
          ],
          "autoGenerate": true
        },
        "indices": [],
        "foreignKeys": []
      }
    ],
    "views": [],
    "setupQueries": [
      "CREATE TABLE IF NOT EXISTS room_master_table (id INTEGER PRIMARY KEY,identity_hash TEXT)",
      "INSERT OR REPLACE INTO room_master_table (id,identity_hash) VALUES(42, 'f5f6d01eff4d182ddc4d610eac202e2a')"
    ]
  }
}