{
  "formatVersion": 1,
  "database": {
    "version": 1,
    "identityHash": "98e67502957bf89c6c464932b5690582",
    "entities": [
      {
        "tableName": "proyectos",
        "createSql": "CREATE TABLE IF NOT EXISTS `${TABLE_NAME}` (`id` INTEGER PRIMARY KEY AUTOINCREMENT NOT NULL, `nombre` TEXT NOT NULL, `descripcion` TEXT NOT NULL, `area` TEXT NOT NULL, `alumnosRequeridos` TEXT NOT NULL, `encargado` TEXT NOT NULL)",
        "fields": [
          {
            "fieldPath": "id",
            "columnName": "id",
            "affinity": "INTEGER",
            "notNull": true
          },
          {
            "fieldPath": "nombre",
            "columnName": "nombre",
            "affinity": "TEXT",
            "notNull": true
          },
          {
            "fieldPath": "descripcion",
            "columnName": "descripcion",
            "affinity": "TEXT",
            "notNull": true
          },
          {
            "fieldPath": "area",
            "columnName": "area",
            "affinity": "TEXT",
            "notNull": true
          },
          {
            "fieldPath": "alumnosRequeridos",
            "columnName": "alumnosRequeridos",
            "affinity": "TEXT",
            "notNull": true
          },
          {
            "fieldPath": "encargado",
            "columnName": "encargado",
            "affinity": "TEXT",
            "notNull": true
          }
        ],
        "primaryKey": {
          "columnNames": [
            "id"
          ],
          "autoGenerate": true
        },
        "indices": [],
        "foreignKeys": []
      }
    ],
    "views": [],
    "setupQueries": [
      "CREATE TABLE IF NOT EXISTS room_master_table (id INTEGER PRIMARY KEY,identity_hash TEXT)",
      "INSERT OR REPLACE INTO room_master_table (id,identity_hash) VALUES(42, '98e67502957bf89c6c464932b5690582')"
    ]
  }
}