{
  "formatVersion": 1,
  "database": {
    "version": 1,
    "identityHash": "5fa9c6f6b1c6d0b976bcf82e4c4ffa34",
    "entities": [
      {
        "tableName": "alumnos",
        "createSql": "CREATE TABLE IF NOT EXISTS `${TABLE_NAME}` (`nombre` TEXT NOT NULL, `apellidoPaterno` TEXT NOT NULL, PRIMARY KEY(`nombre`))",
        "fields": [
          {
            "fieldPath": "nombre",
            "columnName": "nombre",
            "affinity": "TEXT",
            "notNull": true
          },
          {
            "fieldPath": "apellidoPat",
            "columnName": "apellidoPaterno",
            "affinity": "TEXT",
            "notNull": true
          }
        ],
        "primaryKey": {
          "columnNames": [
            "nombre"
          ],
          "autoGenerate": false
        },
        "indices": [],
        "foreignKeys": []
      }
    ],
    "views": [],
    "setupQueries": [
      "CREATE TABLE IF NOT EXISTS room_master_table (id INTEGER PRIMARY KEY,identity_hash TEXT)",
      "INSERT OR REPLACE INTO room_master_table (id,identity_hash) VALUES(42, '5fa9c6f6b1c6d0b976bcf82e4c4ffa34')"
    ]
  }
}